"id","family","candidate_question","disposition","evidence_depth","stage"
"I01","I","Local vs central private project-quality signals","MERGED_SHORTLIST_PENDING_FULL_THEOREM","PRIMARY_ABSTRACT_AND_SELECT_FULL_HTML","FRONTIER_F0"
"I02","I","Truthful regional recommendations for national matching support","DEFER_OR_KILL_PENDING_THEOREM","PRIMARY_ABSTRACT_AND_SELECT_FULL_HTML","FRONTIER_F0"
"I03","I","Biased local pilot selection and nationwide scalability","DEFER_OR_KILL_PENDING_THEOREM","PRIMARY_ABSTRACT_AND_SELECT_FULL_HTML","FRONTIER_F0"
"I04","I","Price-signal crowdout under policy-funded industry trials","DEFER_OR_KILL_PENDING_THEOREM","PRIMARY_ABSTRACT_AND_SELECT_FULL_HTML","FRONTIER_F0"
"C01","C","Endogenous municipal grant monitoring bandwidth","MERGED_SHORTLIST_PENDING_FULL_THEOREM","PRIMARY_ABSTRACT_AND_SELECT_FULL_HTML","FRONTIER_F0"
"C02","C","Public-servant turnover and institutional knowledge preservation","MERGED_SHORTLIST_PENDING_FULL_THEOREM","PRIMARY_ABSTRACT_AND_SELECT_FULL_HTML","FRONTIER_F0"
"C03","C","Multitask verification of firm subsidy milestones","DEFER_OR_KILL_PENDING_THEOREM","PRIMARY_ABSTRACT_AND_SELECT_FULL_HTML","FRONTIER_F0"
"C04","C","Delegate SME selection to industry intermediary or keep in-house","DEFER_OR_KILL_PENDING_THEOREM","PRIMARY_ABSTRACT_AND_SELECT_FULL_HTML","FRONTIER_F0"
"S01","S","Related vs unrelated diversification under future options","MERGED_SHORTLIST_PENDING_FULL_THEOREM","PRIMARY_ABSTRACT_AND_SELECT_FULL_HTML","FRONTIER_F0"
"S02","S","Industrial diversification as local economic shock insurance","DEFER_OR_KILL_PENDING_THEOREM","PRIMARY_ABSTRACT_AND_SELECT_FULL_HTML","FRONTIER_F0"
"S03","S","Incumbent cluster lock-in versus new firm entry","DEFER_OR_KILL_PENDING_THEOREM","PRIMARY_ABSTRACT_AND_SELECT_FULL_HTML","FRONTIER_F0"
"S04","S","Training and firm entry as complementary local investments","DEFER_OR_KILL_PENDING_THEOREM","PRIMARY_ABSTRACT_AND_SELECT_FULL_HTML","FRONTIER_F0"
"F01","F","Central vs local targeting authority with local private info","MERGED_SHORTLIST_PENDING_FULL_THEOREM","PRIMARY_ABSTRACT_AND_SELECT_FULL_HTML","FRONTIER_F0"
"F02","F","Matching grants vs outcome contingent national reimbursements","DEFER_OR_KILL_PENDING_THEOREM","PRIMARY_ABSTRACT_AND_SELECT_FULL_HTML","FRONTIER_F0"
"F03","F","Equalization clawback and local industry development","DEFER_OR_KILL_PENDING_THEOREM","PRIMARY_ABSTRACT_AND_SELECT_FULL_HTML","FRONTIER_F0"
"F04","F","Regional coalitions for shared innovation support services","DEFER_OR_KILL_PENDING_THEOREM","PRIMARY_ABSTRACT_AND_SELECT_FULL_HTML","FRONTIER_F0"
"B01","B","Firm bid valuations and local housing/wage incidence","DEFER_OR_KILL_PENDING_THEOREM","PRIMARY_ABSTRACT_AND_SELECT_FULL_HTML","FRONTIER_F0"
"B02","B","Skilled-labor displacement from supported firms","DEFER_OR_KILL_PENDING_THEOREM","PRIMARY_ABSTRACT_AND_SELECT_FULL_HTML","FRONTIER_F0"
"B03","B","Declining employer rescue versus dynamic entrant opportunity","DEFER_OR_KILL_PENDING_THEOREM","PRIMARY_ABSTRACT_AND_SELECT_FULL_HTML","FRONTIER_F0"
"B04","B","Application costs distort SME vs anchor-firm selection","DEFER_OR_KILL_PENDING_THEOREM","PRIMARY_ABSTRACT_AND_SELECT_FULL_HTML","FRONTIER_F0"
"D01","D","Credible subsidy graduation and ex post bailout incentives","DEFER_OR_KILL_PENDING_THEOREM","PRIMARY_ABSTRACT_AND_SELECT_FULL_HTML","FRONTIER_F0"
"D02","D","Stage industrial infrastructure against stochastic complementary entry","DEFER_OR_KILL_PENDING_THEOREM","PRIMARY_ABSTRACT_AND_SELECT_FULL_HTML","FRONTIER_F0"
"D03","D","Industry subsidy stopping under loss of local information","DEFER_OR_KILL_PENDING_THEOREM","PRIMARY_ABSTRACT_AND_SELECT_FULL_HTML","FRONTIER_F0"
"D04","D","Annual local fiscal budgets versus multiyear private sunk investment","DEFER_OR_KILL_PENDING_THEOREM","PRIMARY_ABSTRACT_AND_SELECT_FULL_HTML","FRONTIER_F0"
"P01","P","Trial purchasing as local quality learning versus upfront grants","MERGED_SHORTLIST_PENDING_FULL_THEOREM","PRIMARY_ABSTRACT_AND_SELECT_FULL_HTML","FRONTIER_F0"
"P02","P","Voluntary joint procurement under heterogeneous municipal demand","MERGED_SHORTLIST_PENDING_FULL_THEOREM","PRIMARY_ABSTRACT_AND_SELECT_FULL_HTML","FRONTIER_F0"
"P03","P","Nonexclusive IP and innovation incentives in local procurement","DEFER_OR_KILL_PENDING_THEOREM","PRIMARY_ABSTRACT_AND_SELECT_FULL_HTML","FRONTIER_F0"
"P04","P","Joint staff constraint across procurement inspection and subsidy screening","DEFER_OR_KILL_PENDING_THEOREM","PRIMARY_ABSTRACT_AND_SELECT_FULL_HTML","FRONTIER_F0"
"W01","W","Regional resident welfare vs measured local output","DEFER_OR_KILL_PENDING_THEOREM","PRIMARY_ABSTRACT_AND_SELECT_FULL_HTML","FRONTIER_F0"
"W02","W","Green industry attraction and pollution leakage","DEFER_OR_KILL_PENDING_THEOREM","PRIMARY_ABSTRACT_AND_SELECT_FULL_HTML","FRONTIER_F0"
"W03","W","Worker skill subsidies with post-training migration","DEFER_OR_KILL_PENDING_THEOREM","PRIMARY_ABSTRACT_AND_SELECT_FULL_HTML","FRONTIER_F0"
"W04","W","Diversification versus correlated local tax-base shocks","DEFER_OR_KILL_PENDING_THEOREM","PRIMARY_ABSTRACT_AND_SELECT_FULL_HTML","FRONTIER_F0"
