"id","authors","year","original_source","doi","verification_class","verified_existing_result","theorem_scope_and_limitation","generic_claim_tested","status"
"P01","Agrawal Hoyt Wilson","2022","Journal of Economic Literature","10.1257/jel.20201490","R","local tax competition subsidy bidding fiscal spillovers policy diffusion","appendix notes revenue vs resident welfare and learning vs strategic dependence","generic municipality rivalry","KILL"
"P02","Slattery","2025","Journal of Political Economy","10.1086/735509","A","local firm attraction auctions and location rents","model-calibrated <5% welfare gain not universal theorem","auction of firm subsidies","KILL"
"P03","Ogawa Wildasin","2009","American Economic Review","10.1257/aer.99.4.1206","W-P","decentralized efficient mobile-capital spillbacks","conditions restrictive; earlier 2007 WP","always inefficient local rivalry","KILL"
"P04","Lin Li","2026","Frontiers of Economics in China","10.3868/s060-021-026-0001-8","A","local-central industrial subsidy ranking changes with trade integration","published full mathematical result unread","local national optimality reversal","SOURCE_BLOCKED"
"P05","Suga Yanase Tawada","2026","Scandinavian Journal of Economics","10.1111/sjoe.70007","A","government productive public inputs generate symmetry-breaking industrial advantage","final IO appendix inaccessible","endogenous industry specialization government competition","SOURCE_BLOCKED"
"P06","Bellofatto Besfamille","2018","Journal of Public Economics","10.1016/j.jpubeco.2017.12.010","W-P/A","administrative fiscal capacity and optimal decentralization with soft budgets","exact Prop6 from 2014 author WP only","capacity decentralization generic","KILL"
"P07","Fajgelbaum Gaubert","2020","Quarterly Journal of Economics","10.1093/qje/qjaa001","A","optimal spatial transfers labor subsidies sorting","published full proofs not inspected","federal spatial policy welfare","SOURCE_BLOCKED"
"P08","Fajgelbaum Gaubert","2025-2026","author manuscript / U Chicago chapter","10.3386/w33517","W-P/A","first best location-specific externality subsidies and second-best marginal welfare Eq16","other distortion absence; local and sector neutral spillovers; federal instruments","second-best locally constrained policy","UNVERIFIED_GAP"
"P09","Bilal","2023","Quarterly Journal of Economics","10.1093/qje/qjad010","A","labor market search frictions location and optimal regional policy","full proof unread","regional employment policy frictions","SOURCE_BLOCKED"
"P10","Callander Harstad","2015","Quarterly Journal of Economics","10.1093/qje/qjv008","A","policy divergence and late federal harmonization in learning game","published full proof unread","local experimentation and diffusion","KILL"
"P11","Sockin Xiong","2024","NBER working paper","10.3386/w33107","A","policy career motives crowd out private industry information","working original abstract only","industrial policy information discovery","KILL"
"P12","Fang Li Wu","2025","Journal of Public Economics","10.1016/j.jpubeco.2025.105421","A","tournament incentives cause cross-city procurement discrimination","full theory proposition unread","political local protectionism in procurement","SOURCE_BLOCKED"
"P13","Hwang","2024","KDI Journal Economic Policy","10.23895/kdijep.2024.46.2.21","T","government buyer innovator risk contract buyer optimum and firm participation","equation images need verification","public buyer innovation procurement","KILL"
"P14","Asseyer","2018","International Journal of Industrial Organization","10.1016/j.ijindorg.2018.03.004","W-P/A","dynamic monitoring of supplier investments vs cost shocks","2015 author WP mathematics not journal equivalent","official monitoring of R&D investment","KILL"
"P15","Theilen","2009","BE Journal of Theoretical Economics","10.2202/1935-1704.1525","A","delegated buyer monitoring private contractors","full theorem not read","procurement officer effort","KILL"
"P16","Chiappinelli Giuffrida Spagnolo","2025","International Journal of Industrial Organization","10.1016/j.ijindorg.2025.103157","R","procurement innovation survey and future theory agenda","survey gaps not certifiable theorem gaps","repeated generic buyer innovator puzzle","KILL"
"P17","Alshamsi Pinheiro Hidalgo","2018","Nature Communications","10.1038/s41467-018-03740-9","T","optimal target sequence of related and unrelated activities","optimal time not resident welfare","related-diversification optimum","KILL"
"P18","Kinateder Merlino","2017","AEJ Microeconomics","10.1257/mic.20140276","A","public goods and endogenous links network equilibrium","source abstract only","local investment plus endogenous trade link free riding","KILL"
"P19","Itoh Li","2021","Japanese Economic Review","10.1007/s42973-020-00060-w","T","local taxes transaction and geographical networks","firm transactional links fixed","tax network firm allocation","KILL"
"P20","Poirier","2025","author working paper","10.2139/ssrn.5052853","W-P","national optimal industry tax with endogenous supplier network welfare jumps","one national government; local game absorption unsolved","generic policy network switches","KILL"
"P21","Juhasz Lane Rodrik/Juhasz Lane","2024","Annual Review Economics/JEP","10.1146/annurev-economics-081023-024638","R","industrial policy implementation governance state capacity","survey no specific open proposition","governance implementation claims","AGENDA_ONLY"
